<?xml version="1.0" encoding="utf-8" ?>
<!-- $Id: MkLanguagepackSnapshotBuild.sh 1779 2012-06-15 10:41:12Z gerrit_hoekstra $ -->
<extension version="2.5" type="package" method="upgrade">
  <name>Afrikaans (South Africa)</name>
  <packagename>af-ZA</packagename>
  <packager>MkLanguagepackSnapshotBuild.sh</packager>
  <packagerurl>joomla4africa.org</packagerurl>
  <tag>af-ZA</tag>
  <version>2.5.6.2</version>
  <creationDate>"31 Jul 2012"</creationDate>
  <author>Gerrit Hoekstra</author>
  <authorEmail>webmaster@joomla4africa.org</authorEmail>
  <url>http://joomla4africa.org</url>
  <copyright>Copyright (C) 2005 - 2012 Open Source Matters. All rights reserved</copyright>
  <copyright>Copyright (C) Afrikaans Translation 2006 - 2012 Gerrit Hoekstra. Alle regte voorbehou.</copyright>
  <license>GNU General Public License version 2 or later; see LICENSE.txt</license>
  <description><![CDATA[
    <div align="center">
    <table border="0" width="90%%">
      <tr>
        <td width="100%" colspan="2">
          <div align="center">
            <h3>Afrikaanse Vertaling vir Joomla! - 2.5</h3>
          </div>
          <hr />
        </td>
      </tr>
      <tr>
          <td width="100%%" colspan="2">
            <div align="left">
              <img border="0" src="http://joomla4africa.org/images/smallflags/South Africa.gif" alt="Afrikaans (ZA)" />
            </div>
          </td>
      </tr>
      <tr>
          <td width="18%%"><u><b>Taal:</b></u></td>
          <td width="80%%">Afrikaanse Taalpaket in die vertroulike aanspreeksvorm</td>
      </tr>
      <tr>
          <td width="18%%"><u><b>Skema:</b></u></td>
          <td width="80%%">package</td>
      </tr>
      <tr>
          <td width="18%%"><u><b>Outeur:</b></u></td>
          <td width="80%%"><a mailto="webmaster@joomla4africa.org">Gerrit Hoekstra</a></td>
      </tr>
      <tr>
          <td width="18%%"><u><b>Webwerf:</b></u></td>
          <td width="80%%"><a target="_blank" href="http://joomla4africa.org">http://joomla4africa.org</a></td>
      </tr>
      <tr>
          <td width="18%%"><u><b>Hersiening:</b></u></td>
          <td width="80%%">2.5.6.2</td>
      </tr>
    </table>
    </div>
  ]]>
  </description>
  <files>
    <file type="language" client="site" id="af-ZA">site_af-ZA.zip</file>
    <file type="language" client="administrator" id="af-ZA">admin_af-ZA.zip</file>
  </files>
  <updateservers>
    <server type="collection" priority="1" name="Accredited Joomla! Translations">http://update.joomla.org/language/translationlist.xml</server>
    <server type="collection" priority="2" name="Afrikaans Language Updates">http://joomla4africa.org/updates/translationlist.xml</server>
  </updateservers>
</extension>
