<?xml version="1.0" encoding="utf-8"?>
<extension version="1.7.0" type="plugin" group="system" method="upgrade">
  <name>Admin Color Picker</name>
  <creationDate>September 8, 2012</creationDate>
  <author>XML/SWF</author>
  <authorUrl>http://www.xmlswf.com</authorUrl>
  <copyright>(C) 2012 - 2013 XML/SWF. All rights reserved.</copyright>
  <license>http://www.gnu.org/copyleft/gpl.html GNU/GPL</license>
  <version>2.0</version>
  <description>Allows to pick the colors in the admin parameters</description>
  <files>
    <filename plugin="colorpicker">colorpicker.php</filename>
    <filename plugin="colorpicker">colorpicker.php</filename>
    <filename plugin="colorpicker">index.html</filename>
	<folder>jscolor</folder>
  </files>

  <config>
    <fields name="params">
      <fieldset name="basic">
<field name="Example 1 - basic - No Hash" class="color" type="text" default="ff0000" description="code to be used in the class name - color"/>
<field name="Example 2 - Use Hash" class="color {hash:true}" type="text" default="#DAE815" description="code to be used in the class name - color {hash:true}" />
<field name="Example 3 - Use Hash and lowercase" class="color {hash:true, caps:false}" type="text" default="1cd108" description="code to be used in the class name - color {hash:true, caps:false}"/>
<field name="Example 4 - Left position" class="color {hash:true, pickerPosition:'left'}" type="text" default="0DD9E0" description="code to be used in the class name - color {hash:true, pickerPosition:'left'}" />
<field name="Example 5 - Right position" class="color {hash:true, pickerPosition:'right'}" type="text" default="8B84F0" description="code to be used in the class name - color {hash:true, pickerPosition:'right'}" />
<field name="Example 6 - No slider" class="color {hash:true, slider:false}" type="text" default="FF91D3" description="code to be used in the class name - color {hash:true, slider:false}"/>
      </fieldset>
    </fields>
  </config>
</extension>
